"satisfaction_segment","churn_rate"
"High","0.14663570700276751977"
"Low","0.20920716112531969309"
"Medium","0.16857779901258162128"
